{"cameraMode":{"drawMode":0,"name":"Shaded","section":"Shading Mode"},"sceneLighting":true,"audioPlay":false,"sceneViewState":{"showFog":true,"showMaterialUpdate":true,"showSkybox":true,"showFlares":true,"showImageEffects":true,"showParticleSystems":true},"in2DMode":false,"pivot":{"x":0.19942307472229005,"y":0.19088149070739747,"z":-1.4380435943603516},"rotation":{"x":-0.0009567866800352931,"y":0.9770731925964356,"z":-0.21285633742809297,"w":-0.004396463744342327},"size":3.6258602142333986,"orthographic":false}